"","A","C","D","E","F","G","H","I","K","L","M","N","P","Q","R","S","T","V","W","Y"
"27",8778,9,6054,7,3,3,24,1,38,1,0,13281,16,0,164,8720,12503,78,0,141778
"28",1,222,451,4,70829,103,2,60270,6,247,116,926,0,2,6,234,0,45896,1,12142
"29",3,22,14178,8,50,8,55,10,20,0,0,22946,0,0,1,168,4,6,0,153979
"30",6,9,6,8,0,30,37,162,23959,3,224,43332,3,45,79931,43557,110,4,20,12
"31",18,0,48,1887,2,30342,188,0,171,340,0,6,54,26476,131844,4,3,65,3,7
"32",20472,11,782,7,5,9,11,1,0,6,0,81,10,0,10,11827,6,2,0,158218
"33",2,0,3,4,1,31,0,754,23,2,0,1,12,0,186938,66,3601,6,0,14
"55",51,0,0,0,0,18,0,1,0,32,0,0,49402,306,0,141203,445,0,0,0
"97",137982,2,614,31,168,49,0,80,0,18,0,0,4,0,0,403,25,52080,0,2
"98",7,11,464,3,197,4,33,8,0,12,0,615,1,0,10,45,6,10,5,190027
"99",3,0,9,4,4,19,3,6,85928,10,492,304,34,38,80474,438,23646,4,34,8
"100",8,7,9,1,26,23,15,115247,27,194,13,11280,58,4,151,25454,38919,7,3,12
"101",68627,0,54402,130,84,60,8,66,7,21,0,124,6,1,7,355,225,66968,2,365
"102",19,352,5044,7,8,73520,30,64,64,0,0,47487,10,1,79,63968,105,65,4,631
"103",30,32,44483,41,4,7289,51,296,95,3,0,109223,1,0,76,29357,147,53,0,277
"105",3,2,0,0,20,6,26,535,117,28,0,1,35,0,111205,90,79356,0,0,34
"106",24,0,762,5,185,20,5,119,0,79,0,1,2,1,4,9,4,190194,6,38
